{
  "server": {
    "grpc_addr": ":7899",
    "tls_cert_file": "./notary-signer.crt",
    "tls_key_file": "./notary-signer.key",
    "client_ca_file": "./notary-server.crt"
  },
  "logging": {
    "level": "debug"
  },
  "storage": {
    "backend": "postgres",
    "db_url": "postgres://signer@postgresql:5432/notarysigner?sslmode=verify-ca&sslrootcert=/go/src/github.com/theupdateframework/notary/fixtures/database/ca.pem&sslcert=/go/src/github.com/theupdateframework/notary/fixtures/database/notary-signer.pem&sslkey=/go/src/github.com/theupdateframework/notary/fixtures/database/notary-signer-key.pem"
  }
}
