{"signed":{"_type":"Snapshot","expires":"2116-07-03T18:08:08.423870533-05:00","meta":{"root":{"hashes":{"sha256":"Nx4/VGy1hGXBUmnTuFfpeBFJlpS1hG6Hd75CKQjyDGY=","sha512":"ey1LYJvRYydPV8ZH65KnxqKDuVGTlVg0/pVI0ZCBBuaww2tps0HCrS+cgBNpUXF4XaSzh8vubhIvssk5bLhGOg=="},"length":2393},"targets":{"hashes":{"sha256":"4rhyO2kZXwREr/5WnQjvKrkHn5SHSmkHVYrmBTaD4OU=","sha512":"e9X5ghcThKpp6YON2cjMJYZrxAkGwMFFD95FkKrvisbLdi8tIQSrtnoMeNLZZ21JubezKegZNBUCuLhrLyW91A=="},"length":2534},"targets/releases":{"hashes":{"sha256":"hWxqh8bSAgalH+es/7nFKFlyhfbklgxI0gs7Tww4p8A=","sha512":"3q1C2ZA8apyaiHgqAKddqf//axoF2FBEx5nKTFCcsj555Qs8N5OrrkTyRnKPmGgFkEr6WuupyW+wmC4vYbC03g=="},"length":790}},"version":5},"signatures":[{"keyid":"85559599cf3cf681ff193f432a7ca6d128182bd1cfa8ede2c70761deac8bc2dc","method":"ecdsa","sig":"vpfHe9NLtEgGj2s0ut/1QKu0YLicWqdhpv+g/I1K0KTv1e0FIzKHdl7CriMSTPG79as+LZgnVWOjnpvJMYJWCA=="}]}